idx,date,ticker,side,strike,expiry,channel,entry_bid,exit_pct,outcome_discord,instrument_id,status,entry_time,entry_fill,entry_match,exit_pct_discord,n_contracts,premium,added,avg,total_cost,pnl,R,exit_reason,book,exits_json
51,2026-08-05,MSFT,put,487.5,2026-08-05,high-confidence-options,1.0,0.0,scratch,383c7626-dc4e-4066-990d-8d5eab7ad4f5,taken,2026-08-05T19:55:00Z,0.92,close_tol_0.1,0.0,21,1932.0,False,0.92,1932.0,0.0,0.0,0dte_1545,5000.0,"[{""time"": ""2026-08-05T19:55:00Z"", ""n"": 21, ""px"": 0.92, ""kind"": ""0dte_1545"", ""pnl"": 0.0}]"
80,2026-08-27,QQQ,call,720,2026-08-27,etf-options,0.9,10.0,win_partial,9bd44612-3af8-4340-8ced-8f82e172ed57,taken,2026-08-27T13:40:00Z,0.9,bid_in_range_tol_0.05,10.0,22,1980.0,False,0.9,1980.0,198.00000000000017,0.39600000000000035,targets_hit,5198.0,"[{""time"": ""2026-08-27T13:40:00Z"", ""n"": 22, ""px"": 0.9900000000000001, ""kind"": ""target"", ""tgt"": 0.9900000000000001, ""pnl"": 198.00000000000017}]"
81,2026-08-27,NVDA,call,230,2026-08-31,platinum-options,1.4,17.0,win_partial,9df07d7c-635b-4fcc-902b-6891959e8a68,taken,2026-08-27T13:40:00Z,1.4,bid_in_range_tol_0.05,17.0,14,1959.9999999999998,False,1.4,1959.9999999999998,333.2,0.6664,targets_hit,5531.2,"[{""time"": ""2026-08-27T13:40:00Z"", ""n"": 14, ""px"": 1.638, ""kind"": ""target"", ""tgt"": 1.638, ""pnl"": 333.2}]"
82,2026-08-27,TSLA,call,360,2026-08-31,platinum-options,2.6,28.78,win_partial,48988873-2527-4263-9f71-b66b2a932ad2,taken,2026-08-27T13:45:00Z,2.6,bid_in_range_tol_0.05,28.78,7,1820.0,True,2.458181818181818,2704.0,979.1080000000006,1.9582160000000013,targets_hit,6510.308000000001,"[{""time"": ""2026-08-27T14:35:00Z"", ""n"": 11, ""px"": 3.3482800000000004, ""kind"": ""target"", ""tgt"": 3.3482800000000004, ""pnl"": 979.1080000000006}]"
84,2026-08-31,TSLL,call,10,2026-10-16,options-king,0.75,22.0,win_partial,6e814299-5d01-42bd-8c5a-3297f00d072e,taken,2026-08-31T13:35:00Z,0.75,close_tol_0.05,22.0,26,1950.0,False,0.75,1950.0,429.0000000000001,0.8580000000000002,targets_hit,6939.308000000001,"[{""time"": ""2026-08-31T13:50:00Z"", ""n"": 26, ""px"": 0.915, ""kind"": ""target"", ""tgt"": 0.915, ""pnl"": 429.0000000000001}]"
85,2026-08-31,NVDA,put,210,2026-09-11,platinum-options,2.0,30.0,win_partial,2f3a9430-b001-4859-a3ad-6b5104c429f2,taken,2026-08-31T13:40:00Z,2.0,close_tol_0.05,30.0,10,2000.0,True,1.9,2850.0,-2460.0,-4.92,eod_last_bar_flag,4479.308000000001,"[{""time"": ""2026-09-04T19:55:00Z"", ""n"": 15, ""px"": 0.26, ""kind"": ""eod_last_bar"", ""pnl"": -2460.0}]"
86,2026-08-31,TSLA,call,360,2026-08-31,platinum-options,2.6,100.0,win,48988873-2527-4263-9f71-b66b2a932ad2,taken,2026-08-31T13:45:00Z,2.6,close_tol_0.05,100.0,7,1820.0,True,1.97,2758.0,3612.000000000001,7.224000000000002,targets_hit,8091.308000000002,"[{""time"": ""2026-08-31T14:20:00Z"", ""n"": 7, ""px"": 3.9000000000000004, ""kind"": ""target"", ""tgt"": 3.9000000000000004, ""pnl"": 1351.0000000000002}, {""time"": ""2026-08-31T14:25:00Z"", ""n"": 7, ""px"": 5.2, ""kind"": ""target"", ""tgt"": 5.2, ""pnl"": 2261.0000000000005}]"
87,2026-09-01,QQQ,put,710,2026-09-01,etf-options,1.15,20.0,win_partial,ca5d39f3-aa9a-4563-bcae-cc75825fa564,taken,2026-09-01T14:40:00Z,1.17,close_tol_0.05,20.0,17,1989.0,False,1.17,1989.0,356.99999999999994,0.7139999999999999,targets_hit,8448.308,"[{""time"": ""2026-09-01T14:40:00Z"", ""n"": 17, ""px"": 1.38, ""kind"": ""target"", ""tgt"": 1.38, ""pnl"": 356.99999999999994}]"
88,2026-09-02,TSLA,call,355,2026-09-02,platinum-options,1.27,100.0,win,3f98187d-4560-42d0-b5c5-122c2d5e1613,taken,2026-09-02T13:40:00Z,1.27,close_tol_0.05,100.0,15,1905.0,True,1.7978437499999997,2876.5499999999997,1695.4500000000005,3.390900000000001,targets_hit,10143.758000000002,"[{""time"": ""2026-09-02T13:40:00Z"", ""n"": 8, ""px"": 1.905, ""kind"": ""target"", ""tgt"": 1.905, ""pnl"": 508.0}, {""time"": ""2026-09-02T14:40:00Z"", ""n"": 16, ""px"": 2.54, ""kind"": ""target"", ""tgt"": 2.54, ""pnl"": 1187.4500000000005}]"
89,2026-09-02,QQQ,put,705,2026-09-02,etf-options,1.25,50.0,win_partial,f64b55b8-ebf2-4492-a212-f2a5470bd179,taken,2026-09-02T13:30:00Z,1.22,close_tol_0.05,50.0,16,1952.0,True,1.1541199999999998,2885.2999999999997,-2785.2999999999993,-5.570599999999999,0dte_1545,7358.458000000002,"[{""time"": ""2026-09-02T19:45:00Z"", ""n"": 25, ""px"": 0.04, ""kind"": ""0dte_1545"", ""pnl"": -2785.2999999999993}]"
90,2026-09-02,GOOGL,call,340,2026-09-09,options-king,3.05,100.0,win,065b2142-27c3-4726-8192-090371ac1b30,taken,2026-09-02T13:50:00Z,3.05,close_tol_0.05,100.0,6,1829.9999999999998,True,2.8975,2607.75,2272.25,4.5445,targets_hit,9630.708000000002,"[{""time"": ""2026-09-02T14:10:00Z"", ""n"": 4, ""px"": 4.574999999999999, ""kind"": ""target"", ""tgt"": 4.574999999999999, ""pnl"": 670.9999999999998}, {""time"": ""2026-09-03T13:35:00Z"", ""n"": 5, ""px"": 6.1, ""kind"": ""target"", ""tgt"": 6.1, ""pnl"": 1601.25}]"
91,2026-09-03,QQQ,call,712,2026-09-03,high-confidence-options,1.3,400.0,win,f6740c29-86e6-4e95-9bb1-cce0a84d89e7,taken,2026-09-03T13:30:00Z,1.27,close_tol_0.05,400.0,15,1905.0,True,1.7978437499999997,2876.5499999999997,8067.45,16.1349,targets_hit,17698.158000000003,"[{""time"": ""2026-09-03T13:35:00Z"", ""n"": 8, ""px"": 1.9500000000000002, ""kind"": ""target"", ""tgt"": 1.9500000000000002, ""pnl"": 544.0000000000001}, {""time"": ""2026-09-03T18:00:00Z"", ""n"": 16, ""px"": 6.5, ""kind"": ""target"", ""tgt"": 6.5, ""pnl"": 7523.45}]"
92,2026-09-03,TSLA,call,390,2026-09-04,platinum-options,1.9,150.0,win,dc18d5ae-32b9-4439-8902-e2c542320469,taken,2026-09-03T13:40:00Z,1.9,close_tol_0.05,150.0,10,1900.0,True,1.735,2776.0,-488.00000000000034,-0.9760000000000006,eod_last_bar_flag,17210.158000000003,"[{""time"": ""2026-09-03T14:25:00Z"", ""n"": 8, ""px"": 2.8499999999999996, ""kind"": ""target"", ""tgt"": 2.8499999999999996, ""pnl"": 891.9999999999997}, {""time"": ""2026-09-04T19:59:00Z"", ""n"": 8, ""px"": 0.01, ""kind"": ""eod_last_bar"", ""pnl"": -1380.0}]"
